1628,107.9,1,1,0,0,0,1
1629,107.9,1,1,0,0,0,1
1630,107.9,1,1,0,0,0,1
1631,107.9,1,1,1,0,0,1
1632,107.9,1,1,1,0,0,1
1633,107.9,1,1,1,0,0,1
1634,107.9,1,1,1,0,0,1
1635,107.9,1,1,1,0,0,1
1636,107.9,1,1,1,0,0,1
1637,107.9,1,1,1,0,0,1
1638,107.9,1,1,1,0,0,1
1639,107.9,1,1,1,0,0,1
1640,107.9,1,1,0,0,0,1
1641,107.9,1,1,0,0,0,1
1642,107.9,1,1,0,0,0,1
1643,107.9,1,1,0,0,0,1
1644,107.9,1,1,0,0,0,1
1645,107.9,1,1,0,0,0,1
1646,107.9,1,1,0,0,0,1
1647,107.9,1,1,0,0,0,1
1648,107.9,1,1,0,0,0,1
1649,107.9,1,1,1,0,0,1
1650,107.9,1,1,0,0,0,1
1651,107.9,1,1,0,0,0,1
1652,107.9,1,1,0,0,0,1
1653,107.9,1,1,0,0,0,1
1654,107.9,1,1,0,0,0,1
1655,107.9,1,1,0,0,0,1
1656,107.9,1,1,0,0,0,1
1657,107.9,1,1,0,0,0,1
1658,107.9,1,1,0,0,0,1
1659,107.9,1,1,1,0,0,1
1660,107.9,1,1,1,0,0,1
1661,107.9,1,1,1,0,0,1
1662,107.9,1,1,1,0,0,1
1663,107.9,1,1,1,0,0,1
1664,107.9,1,1,1,0,0,1
1665,107.9,1,1,1,0,0,1
1666,107.9,1,1,1,0,0,1
1667,107.9,1,1,1,0,0,1
1668,107.9,1,1,1,0,0,1
1669,107.9,1,1,0,0,0,1
1670,107.9,1,1,0,0,0,1
1671,107.9,1,1,0,0,0,1
1672,107.9,1,1,0,0,0,1
1673,107.9,1,1,0,0,0,1
1674,107.9,1,1,1,0,0,1
1675,107.9,1,1,1,0,0,1
1676,107.9,1,1,1,0,0,1
1677,107.9,1,1,1,0,0,1
1678,107.9,1,1,0,0,0,1
1679,107.9,1,1,0,0,0,1
1680,107.9,1,1,0,0,0,1
1681,107.9,1,1,0,0,0,1
1682,107.9,1,1,0,0,0,1
1683,107.9,1,1,1,0,0,1
1684,107.9,1,1,1,0,0,1
1685,107.9,1,1,1,0,0,1
1686,107.9,1,1,1,0,0,1
1687,107.9,1,1,1,0,0,1
1688,107.9,1,1,1,0,0,1
1689,107.9,1,1,1,0,0,1
1690,107.9,1,1,1,0,0,1
1691,107.9,1,1,1,0,0,1
1692,107.9,1,1,1,0,0,1
1693,107.9,1,1,0,0,0,1
1694,107.9,1,1,0,0,0,1
1695,107.9,1,1,0,0,0,1
1696,107.9,1,1,0,0,0,1
1697,107.9,1,1,0,0,0,1
1698,107.9,1,1,0,0,0,1
1699,107.9,1,1,0,0,0,1
1700,107.9,1,1,0,0,0,1
1701,107.9,1,1,0,0,0,1
1702,107.9,1,1,1,0,0,1
1703,107.9,1,1,1,0,0,1
1704,107.9,1,1,1,0,0,1
1705,107.9,1,1,1,0,0,1
1706,107.9,1,1,1,0,0,1
1707,107.9,1,1,0,0,0,1
1708,107.9,1,1,0,0,0,1
1709,107.9,1,1,0,0,0,1
1710,107.9,1,1,0,0,0,1
1711,107.9,1,1,1,0,0,1
1712,107.9,1,1,1,0,0,1
1713,107.9,1,1,1,0,0,1
1714,107.9,1,1,1,0,0,1
1715,107.9,1,1,1,0,0,1
1716,107.9,1,1,0,0,0,1
1717,107.9,1,1,0,0,0,1
1718,107.9,1,1,0,0,0,1
1719,107.9,1,1,0,0,0,1
1720,107.9,1,1,0,0,0,1
1721,107.9,1,1,1,0,0,1
1722,107.9,1,1,1,0,0,1
1723,107.9,1,1,1,0,0,1
1724,107.9,1,1,1,0,0,1
1725,107.9,1,1,1,0,0,1
1726,107.9,1,1,0,0,0,1
1727,107.9,1,1,0,0,0,1
1728,107.9,1,1,0,0,0,1
1729,107.9,1,1,0,0,0,1
1730,107.9,1,1,0,0,0,1
1731,107.9,1,1,0,0,0,1
1732,107.9,1,1,0,0,0,1
1733,107.9,1,1,0,0,0,1
1734,107.9,1,1,0,0,0,1
1735,107.9,1,1,0,0,0,1
1736,107.9,1,1,0,0,0,1
1737,107.9,1,1,0,0,0,1
1738,107.9,1,1,0,0,0,1
1739,107.9,1,1,0,0,0,1
1740,107.9,1,1,1,0,0,1
1741,107.9,1,1,1,0,0,1
1742,107.9,1,1,1,0,0,1
1743,107.9,1,1,1,0,0,1
1744,107.9,1,1,1,0,0,1
1745,107.9,1,1,0,0,0,1
1746,107.9,1,1,0,0,0,1
1747,107.9,1,1,0,0,0,1
1748,107.9,1,1,0,0,0,1
1749,107.9,1,1,0,0,0,1
1750,107.9,1,1,1,0,0,1
1751,107.9,1,1,1,0,0,1
1752,107.9,1,1,1,0,0,1
1753,107.9,1,1,1,0,0,1
1754,107.9,1,1,1,0,0,1
1755,107.9,1,1,0,0,0,1
1756,107.9,1,1,0,0,0,1
1757,107.9,1,1,0,0,0,1
1758,107.9,1,1,0,0,0,1
1759,107.9,1,1,0,0,0,1
1760,107.9,1,1,0,0,0,1
1761,107.9,1,1,0,0,0,1
1762,107.9,1,1,0,0,0,1
1763,107.9,1,1,0,0,0,1
1764,107.9,1,1,1,0,0,1
1765,107.9,1,1,1,0,0,1
1766,107.9,1,1,1,0,0,1
1767,107.9,1,1,1,0,0,1
1768,107.9,1,1,1,0,0,1
1769,107.9,1,1,0,0,0,1
1770,107.9,1,1,0,0,0,1
1771,107.9,1,1,0,0,0,1
1772,107.9,1,1,0,0,0,1
1773,107.9,1,1,0,0,0,1
1774,107.9,1,1,1,0,0,1
1775,107.9,1,1,1,0,0,1
1776,107.9,1,1,1,0,0,1
1777,107.9,1,1,1,0,0,1
1778,107.9,1,1,0,0,0,1
1779,107.9,1,1,0,0,0,1
1780,107.9,1,1,0,0,0,1
1781,107.9,1,1,0,0,0,1
1782,107.9,1,1,0,0,0,1
1783,107.9,1,1,0,0,0,1
1784,107.9,1,1,0,0,0,1
1785,107.9,1,1,0,0,0,1
1786,107.9,1,1,0,0,0,1
1787,107.9,1,1,0,0,0,1
1788,107.9,1,1,1,0,0,1
1789,107.9,1,1,1,0,0,1
1790,107.9,1,1,1,0,0,1
1791,107.9,1,1,1,0,0,1
1792,107.9,1,1,1,0,0,1
1793,107.9,1,1,0,0,0,1
1794,107.9,1,1,0,0,0,1
1795,107.9,1,1,0,0,0,1
1796,107.9,1,1,0,0,0,1
1797,107.9,1,1,1,0,0,1
1798,107.9,1,1,1,0,0,1
1799,107.9,1,1,1,0,0,1
1800,107.9,1,1,1,0,0,1
1801,107.9,1,1,1,0,0,1
1802,107.9,1,1,0,0,0,1
1803,107.9,1,1,0,0,0,1
1804,107.9,1,1,0,0,0,1
1805,107.9,1,1,0,0,0,1
1806,107.9,1,1,0,0,0,1
1807,107.9,1,1,1,0,0,1
1808,107.9,1,1,1,0,0,1
1809,107.9,1,1,1,0,0,1
1810,107.9,1,1,1,0,0,1
1811,107.9,1,1,1,0,0,1
1812,107.9,1,1,0,0,0,1
1813,107.9,1,1,0,0,0,1
1814,107.9,1,1,0,0,0,1
1815,107.9,1,1,0,0,0,1
1816,107.9,1,1,1,0,0,1
1817,107.9,1,1,1,0,0,1
1818,107.9,1,1,1,0,0,1
1819,107.9,1,1,1,0,0,1
1820,107.9,1,1,1,0,0,1
1821,107.9,1,1,1,0,0,1
1822,107.9,1,1,1,0,0,1
1823,107.9,1,1,1,0,0,1
1824,107.9,1,1,1,0,0,1
1825,107.9,1,1,1,0,0,1
1826,107.9,1,1,0,0,0,1
1827,107.9,1,1,0,0,0,1
1828,107.9,1,1,0,0,0,1
1829,107.9,1,1,0,0,0,1
1830,107.9,1,1,0,0,0,1
1831,107.9,1,1,1,0,0,1
1832,107.9,1,1,1,0,0,1
1833,107.9,1,1,1,0,0,1
1834,107.9,1,1,1,0,0,1
1835,107.9,1,1,0,0,0,1
1836,107.9,1,1,0,0,0,1
1837,107.9,1,1,0,0,0,1
1838,107.9,1,1,0,0,0,1
1839,107.9,1,1,0,0,0,1
1840,107.9,1,1,1,0,0,1
1841,107.9,1,1,1,0,0,1
1842,107.9,1,1,1,0,0,1
1843,107.9,1,1,1,0,0,1
1844,107.9,1,1,1,0,0,1
1845,107.9,1,1,1,0,0,1
1846,107.9,1,1,1,0,0,1
1847,107.9,1,1,1,0,0,1
1848,107.9,1,1,1,0,0,1
1849,107.9,1,1,1,0,0,1
1850,107.9,1,1,0,0,0,1
1851,107.9,1,1,0,0,0,1
1852,107.9,1,1,0,0,0,1
1853,107.9,1,1,0,0,0,1
1854,107.9,1,1,0,0,0,1
1855,107.9,1,1,0,0,0,1
1856,107.9,1,1,0,0,0,1
1857,107.9,1,1,0,0,0,1
1858,107.9,1,1,0,0,0,1
1859,107.9,1,1,1,0,0,1
1860,107.9,1,1,1,0,0,1
1861,107.9,1,1,1,0,0,1
1862,107.9,1,1,1,0,0,1
1863,107.9,1,1,1,0,0,1
1864,107.9,1,1,1,0,0,1
1865,107.9,1,1,1,0,0,1
1866,107.9,1,1,1,0,0,1
1867,107.9,1,1,1,0,0,1
1868,107.9,1,1,1,0,0,1
1869,107.9,1,1,0,0,0,1
1870,107.9,1,1,0,0,0,1
1871,107.9,1,1,0,0,0,1
1872,107.9,1,1,0,0,0,1
1873,107.9,1,1,1,0,0,1
1874,107.9,1,1,1,0,0,1
1875,107.9,1,1,1,0,0,1
1876,107.9,1,1,1,0,0,1
1877,107.9,1,1,1,0,0,1
1878,107.9,1,1,0,0,0,1
1879,107.9,1,1,0,0,0,1
1880,107.9,1,1,0,0,0,1
1881,107.9,1,1,0,0,0,1
1882,107.9,1,1,0,0,0,1
1883,107.9,1,1,1,0,0,1
1884,107.9,1,1,1,0,0,1
1885,107.9,1,1,1,0,0,1
1886,107.9,1,1,1,0,0,1
1887,107.9,1,1,1,0,0,1
1888,107.9,1,1,1,0,0,1
1889,107.9,1,1,1,0,0,1
1890,107.9,1,1,1,0,0,1
1891,107.9,1,1,1,0,0,1
1892,107.9,1,1,1,0,0,1
1893,107.9,1,1,0,0,0,1
1894,107.9,1,1,0,0,0,1
1895,107.9,1,1,0,0,0,1
1896,107.9,1,1,0,0,0,1
1897,107.9,1,1,1,0,0,1
1898,107.9,1,1,1,0,0,1
1899,107.9,1,1,1,0,0,1
1900,107.9,1,1,1,0,0,1
1901,107.9,1,1,1,0,0,1
1902,107.9,1,1,0,0,0,1
1903,107.9,1,1,0,0,0,1
1904,107.9,1,1,0,0,0,1
1905,107.9,1,1,0,0,0,1
1906,107.9,1,1,0,0,0,1
1907,107.9,1,1,1,0,0,1
1908,107.9,1,1,1,0,0,1
1909,107.9,1,1,1,0,0,1
1910,107.9,1,1,1,0,0,1
1911,107.9,1,1,1,0,0,1
1912,107.9,1,1,1,0,0,1
1913,107.9,1,1,1,0,0,1
1914,107.9,1,1,1,0,0,1
1915,107.9,1,1,1,0,0,1
1916,107.9,1,1,0,0,0,1
1917,107.9,1,1,0,0,0,1
1918,107.9,1,1,0,0,0,1
1919,107.9,1,1,0,0,0,1
1920,107.9,1,1,0,0,0,1
1921,107.9,1,1,1,0,0,1
1922,107.9,1,1,1,0,0,1
1923,107.9,1,1,1,0,0,1
1924,107.9,1,1,1,0,0,1
1925,107.9,1,1,1,0,0,1
1926,107.9,1,1,0,0,0,1
1927,107.9,1,1,0,0,0,1
1928,107.9,1,1,0,0,0,1
1929,107.9,1,1,0,0,0,1
1930,107.9,1,1,0,0,0,1
1931,107.9,1,1,1,0,0,1
1932,107.9,1,1,1,0,0,1
1933,107.9,1,1,1,0,0,1
1934,107.9,1,1,1,0,0,1
1935,107.9,1,1,0,0,0,1
1936,107.9,1,1,0,0,0,1
1937,107.9,1,1,0,0,0,1
1938,107.9,1,1,0,0,0,1
1939,107.9,1,1,0,0,0,1
1940,107.9,1,1,1,0,0,1
1941,107.9,1,1,1,0,0,1
1942,107.9,1,1,1,0,0,1
1943,107.9,1,1,1,0,0,1
1944,107.9,1,1,1,0,0,1
1945,107.9,1,1,0,0,0,1
1946,107.9,1,1,0,0,0,1
1947,107.9,1,1,0,0,0,1
1948,107.9,1,1,0,0,0,1
1949,107.9,1,1,0,0,0,1
1950,107.9,1,1,1,0,0,1
1951,107.9,1,1,1,0,0,1
1952,107.9,1,1,1,0,0,1
1953,107.9,1,1,1,0,0,1
1954,107.9,1,1,0,0,0,1
1955,107.9,1,1,0,0,0,1
1956,107.9,1,1,0,0,0,1
1957,107.9,1,1,0,0,0,1
1958,107.9,1,1,0,0,0,1
1959,107.9,1,1,1,0,0,1
1960,107.9,1,1,1,0,0,1
1961,107.9,1,1,1,0,0,1
1962,107.9,1,1,1,0,0,1
1963,107.9,1,1,1,0,0,1
1964,107.9,1,1,0,0,0,1
1965,107.9,1,1,0,0,0,1
1966,107.9,1,1,0,0,0,1
1967,107.9,1,1,0,0,0,1
1968,107.9,1,1,0,0,0,1
1969,107.9,1,1,0,0,0,1
1970,107.9,1,1,0,0,0,1
1971,107.9,1,1,0,0,0,1
1972,107.9,1,1,0,0,0,1
1973,107.9,1,1,1,0,0,1
1974,107.9,1,1,1,0,0,1
1975,107.9,1,1,1,0,0,1
1976,107.9,1,1,1,0,0,1
1977,107.9,1,1,1,0,0,1
1978,107.9,1,1,1,0,0,1
1979,107.9,1,1,1,0,0,1
1980,107.9,1,1,1,0,0,1
1981,107.9,1,1,1,0,0,1
1982,107.9,1,1,1,0,0,1
1983,107.9,1,1,0,0,0,1
1984,107.9,1,1,0,0,0,1
1985,107.9,1,1,0,0,0,1
1986,107.9,1,1,0,0,0,1
1987,107.9,1,1,0,0,0,1
1988,107.9,1,1,1,0,0,1
1989,107.9,1,1,1,0,0,1
1990,107.9,1,1,1,0,0,1
1991,107.9,1,1,1,0,0,1
1992,107.9,1,1,0,0,0,1
1993,107.9,1,1,0,0,0,1
1994,107.9,1,1,0,0,0,1
1995,107.9,1,1,0,0,0,1
1996,107.9,1,1,0,0,0,1
1997,107.9,1,1,1,0,0,1
1998,107.9,1,1,1,0,0,1
1999,107.9,1,1,1,0,0,1
2000,107.9,1,1,1,0,0,1
2001,107.9,1,1,1,0,0,1
2002,107.9,1,1,1,0,0,1
2003,107.9,1,1,1,0,0,1
2004,107.9,1,1,1,0,0,1
2005,107.9,1,1,1,0,0,1
2006,107.9,1,1,1,0,0,1
2007,107.9,1,1,0,0,0,1
2008,107.9,1,1,0,0,0,1
2009,107.9,1,1,0,0,0,1
2010,107.9,1,1,0,0,0,1
2011,107.9,1,1,1,0,0,1
2012,107.9,1,1,1,0,0,1
2013,107.9,1,1,1,0,0,1
2014,107.9,1,1,1,0,0,1
2015,107.9,1,1,1,0,0,1
2016,107.9,1,1,0,0,0,1
2017,107.9,1,1,0,0,0,1
2018,107.9,1,1,0,0,0,1
2019,107.9,1,1,0,0,0,1
2020,107.9,1,1,0,0,0,1
2021,107.9,1,1,1,0,0,1
2022,107.9,1,1,1,0,0,1
2023,107.9,1,1,1,0,0,1
2024,107.9,1,1,1,0,0,1
2025,107.9,1,1,1,0,0,1
2026,107.9,1,1,0,0,0,1
2027,107.9,1,1,0,0,0,1
2028,107.9,1,1,0,0,0,1
2029,107.9,1,1,0,0,0,1
2030,107.9,1,1,0,0,0,1
2031,107.9,1,1,1,0,0,1
2032,107.9,1,1,1,0,0,1
2033,107.9,1,1,1,0,0,1
2034,107.9,1,1,1,0,0,1
2035,107.9,1,1,0,0,0,1
2036,107.9,1,1,0,0,0,1
2037,107.9,1,1,0,0,0,1
2038,107.9,1,1,0,0,0,1
2039,107.9,1,1,0,0,0,1
2040,107.9,1,1,1,0,0,1
2041,107.9,1,1,1,0,0,1
2042,107.9,1,1,1,0,0,1
2043,107.9,1,1,1,0,0,1
2044,107.9,1,1,1,0,0,1
2045,107.9,1,1,0,0,0,1
2046,107.9,1,1,0,0,0,1
2047,107.9,1,1,1,0,0,1
2048,107.9,1,1,1,0,0,1
2049,107.9,1,1,1,0,0,1
2050,107.9,1,1,0,0,0,1
2051,107.9,1,1,0,0,0,1
2052,107.9,1,1,0,0,0,1
2053,107.9,1,1,0,0,0,1
2054,107.9,1,1,0,0,0,1
2055,107.9,1,1,0,0,0,1
2056,107.9,1,1,0,0,0,1
2057,107.9,1,1,0,0,0,1
2058,107.9,1,1,0,0,0,1
2059,107.9,1,1,1,0,0,1
2060,107.9,1,1,1,0,0,1
2061,107.9,1,1,1,0,0,1
2062,107.9,1,1,1,0,0,1
2063,107.9,1,1,1,0,0,1
2064,107.9,1,1,1,0,0,1
2065,107.9,1,1,1,0,0,1
2066,107.9,1,1,1,0,0,1
2067,107.9,1,1,1,0,0,1
2068,107.9,1,1,1,0,0,1
2069,107.9,1,1,0,0,0,1
2070,107.9,1,1,0,0,0,1
2071,107.9,1,1,0,0,0,1
2072,107.9,1,1,0,0,0,1
2073,107.9,1,1,1,0,0,1
2074,107.9,1,1,1,0,0,1
2075,107.9,1,1,1,0,0,1
2076,107.9,1,1,1,0,0,1
2077,107.9,1,1,1,0,0,1
2078,107.9,1,1,0,0,0,1
2079,107.9,1,1,0,0,0,1
2080,107.9,1,1,0,0,0,1
2081,107.9,1,1,0,0,0,1
2082,107.9,1,1,0,0,0,1
2083,107.9,1,1,1,0,0,1
2084,107.9,1,1,1,0,0,1
2085,107.9,1,1,1,0,0,1
2086,107.9,1,1,1,0,0,1
2087,107.9,1,1,1,0,0,1
2088,107.9,1,1,0,0,0,1
2089,107.9,1,1,0,0,0,1
2090,107.9,1,1,0,0,0,1
2091,107.9,1,1,0,0,0,1
2092,107.9,1,1,1,0,0,1
2093,107.9,1,1,1,0,0,1
2094,107.9,1,1,1,0,0,1
2095,107.9,1,1,1,0,0,1
2096,107.9,1,1,1,0,0,1
2097,107.9,1,1,0,0,0,1
2098,107.9,1,1,0,0,0,1
2099,107.9,1,1,0,0,0,1
2100,107.9,1,1,0,0,0,1
2101,107.9,1,1,0,0,0,1
2102,107.9,1,1,1,0,0,1
2103,107.9,1,1,1,0,0,1
2104,107.9,1,1,1,0,0,1
2105,107.9,1,1,1,0,0,1
2106,107.9,1,1,1,0,0,1
2107,107.9,1,1,0,0,0,1
2108,107.9,1,1,0,0,0,1
2109,107.9,1,1,0,0,0,1
2110,107.9,1,1,0,0,0,1
2111,107.9,1,1,1,0,0,1
2112,107.9,1,1,1,0,0,1
2113,107.9,1,1,1,0,0,1
2114,107.9,1,1,1,0,0,1
2115,107.9,1,1,1,0,0,1
2116,107.9,1,1,0,0,0,1
2117,107.9,1,1,0,0,0,1
2118,107.9,1,1,0,0,0,1
2119,107.9,1,1,0,0,0,1
2120,107.9,1,1,0,0,0,1
2121,107.9,1,1,0,0,0,1
2122,107.9,1,1,0,0,0,1
2123,107.9,1,1,0,0,0,1
2124,107.9,1,1,0,0,0,1
2125,107.9,1,1,0,0,0,1
2126,107.9,1,1,1,0,0,1
2127,107.9,1,1,1,0,0,1
2128,107.9,1,1,1,0,0,1
2129,107.9,1,1,1,0,0,1
2130,107.9,1,1,0,0,0,1
2131,107.9,1,1,0,0,0,1
2132,107.9,1,1,0,0,0,1
2133,107.9,1,1,0,0,0,1
2134,107.9,1,1,0,0,0,1
2135,107.9,1,1,1,0,0,1
2136,107.9,1,1,1,0,0,1
2137,107.9,1,1,1,0,0,1
2138,107.9,1,1,1,0,0,1
2139,107.9,1,1,1,0,0,1
2140,107.9,1,1,0,0,0,1
2141,107.9,1,1,0,0,0,1
2142,107.9,1,1,0,0,0,1
2143,107.9,1,1,0,0,0,1
2144,107.9,1,1,0,0,0,1
2145,107.9,1,1,0,0,0,1
2146,107.9,1,1,0,0,0,1
2147,107.9,1,1,0,0,0,1
2148,107.9,1,1,0,0,0,1
2149,107.9,1,1,1,0,0,1
2150,107.9,1,1,1,0,0,1
2151,107.9,1,1,1,0,0,1
2152,107.9,1,1,1,0,0,1
2153,107.9,1,1,1,0,0,1
2154,107.9,1,1,1,0,0,1
2155,107.9,1,1,1,0,0,1
2156,107.9,1,1,1,0,0,1
2157,107.9,1,1,1,0,0,1
2158,107.9,1,1,1,0,0,1
2159,107.9,1,1,0,0,0,1
2160,107.9,1,1,0,0,0,1
2161,107.9,1,1,0,0,0,1
2162,107.9,1,1,0,0,0,1
2163,107.9,1,1,0,0,0,1
2164,107.9,1,1,0,0,0,1
2165,107.9,1,1,0,0,0,1
2166,107.9,1,1,0,0,0,1
2167,107.9,1,1,0,0,0,1
2168,107.9,1,1,0,0,0,1
2169,107.9,1,1,1,0,0,1
2170,107.9,1,1,1,0,0,1
2171,107.9,1,1,1,0,0,1
2172,107.9,1,1,1,0,0,1
2173,107.9,1,1,0,0,0,1
2174,107.9,1,1,0,0,0,1
2175,107.9,1,1,0,0,0,1
2176,107.9,1,1,0,0,0,1
2177,107.9,1,1,0,0,0,1
2178,107.9,1,1,1,0,0,1
2179,107.9,1,1,1,0,0,1
2180,107.9,1,1,1,0,0,1
2181,107.9,1,1,1,0,0,1
2182,107.9,1,1,1,0,0,1
2183,107.9,1,1,0,0,0,1
2184,107.9,1,1,0,0,0,1
2185,107.9,1,1,0,0,0,1
2186,107.9,1,1,0,0,0,1
2187,107.9,1,1,0,0,0,1
2188,107.9,1,1,0,0,0,1
2189,107.9,1,1,0,0,0,1
2190,107.9,1,1,0,0,0,1
2191,107.9,1,1,0,0,0,1
2192,107.9,1,1,1,0,0,1
2193,107.9,1,1,1,0,0,1
2194,107.9,1,1,1,0,0,1
2195,107.9,1,1,1,0,0,1
2196,107.9,1,1,1,0,0,1
2197,107.9,1,1,0,0,0,1
2198,107.9,1,1,0,0,0,1
2199,107.9,1,1,0,0,0,1
2200,107.9,1,1,0,0,0,1
2201,107.9,1,1,0,0,0,1
2202,107.9,1,1,1,0,0,1
2203,107.9,1,1,1,0,0,1
2204,107.9,1,1,1,0,0,1
2205,107.9,1,1,1,0,0,1
2206,107.9,1,1,1,0,0,1
2207,107.9,1,1,0,0,0,1
2208,107.9,1,1,0,0,0,1
2209,107.9,1,1,0,0,0,1
2210,107.9,1,1,0,0,0,1
2211,107.9,1,1,0,0,0,1
2212,107.9,1,1,0,0,0,1
2213,107.9,1,1,0,0,0,1
2214,107.9,1,1,0,0,0,1
2215,107.9,1,1,0,0,0,1
2216,107.9,1,1,1,0,0,1
2217,107.9,1,1,1,0,0,1
2218,107.9,1,1,1,0,0,1
2219,107.9,0,0,0,0,0,0
2220,107.9,0,0,0,0,0,0
2221,107.9,0,0,0,0,0,0
2222,107.9,0,0,0,0,0,0
2223,107.9,0,0,0,0,0,0
2224,107.9,0,0,0,0,0,0
2225,107.9,0,0,0,0,0,0
2226,107.9,0,0,0,0,0,0
2227,107.9,0,0,0,0,0,0
2228,107.9,0,0,0,0,0,0
2229,107.9,0,0,0,0,0,0
2230,107.9,0,0,0,0,0,0
2231,107.9,0,0,0,0,0,0
2232,107.9,0,0,0,0,0,0
2233,107.9,0,0,0,0,0,0
2234,107.9,0,0,0,0,0,0
2235,107.9,0,0,0,0,0,0
2236,107.9,0,0,0,0,0,0
2237,107.9,0,0,0,0,0,0
2238,107.9,0,0,0,0,0,0
2239,107.9,0,0,0,0,0,0
2240,107.9,0,0,0,0,0,0
2241,107.9,0,0,0,0,0,0
2242,107.9,0,0,0,0,0,0
2243,107.9,0,0,0,0,0,0
2244,107.9,0,0,0,0,0,0
2245,107.9,0,0,0,0,0,0
2246,107.9,0,0,0,0,0,0
2247,107.9,0,0,0,0,0,0
2248,107.9,0,0,0,0,0,0
2249,107.9,0,0,0,0,0,0
2250,107.9,0,0,0,0,0,0
2251,107.9,0,0,0,0,0,0
2252,107.9,0,0,0,0,0,0
2253,107.9,0,0,0,0,0,0
2254,107.9,0,0,0,0,0,0
2255,107.9,0,0,0,0,0,0
2256,107.9,0,0,0,0,0,0
2257,107.9,0,0,0,0,0,0
2258,107.9,0,0,0,0,0,0
2259,107.9,0,0,0,0,0,0
2260,107.9,0,0,0,0,0,0
2261,107.9,0,0,0,0,0,0
2262,107.9,0,0,0,0,0,0
2263,107.9,0,0,0,0,0,0
2264,107.9,0,0,0,0,0,0
2265,107.9,0,0,0,0,0,0
2266,107.9,0,0,0,0,0,0
2267,107.9,0,0,0,0,0,0
2268,107.9,0,0,0,0,0,0
2269,107.9,0,0,0,0,0,0
2270,107.9,0,0,0,0,0,0
2271,107.9,0,0,0,0,0,0
2272,107.9,0,0,0,0,0,0
2273,107.9,0,0,0,0,0,0
2274,107.9,0,0,0,0,0,0
2275,107.9,0,0,0,0,0,0
2276,107.9,0,0,0,0,0,0
2277,107.9,0,0,0,0,0,0
2278,107.9,0,0,0,0,0,0
2279,107.9,0,0,0,0,0,0
2280,107.9,0,0,0,0,0,0
2281,107.9,0,0,0,0,0,0
2282,107.9,0,0,0,0,0,0
2283,107.9,0,0,0,0,0,0
2284,107.9,0,0,0,0,0,0
2285,107.9,0,0,0,0,0,0
2286,107.9,0,0,0,0,0,0
2287,107.9,0,0,0,0,0,0
2288,107.9,0,0,0,0,0,0
2289,107.9,0,0,0,0,0,0
2290,107.9,0,0,0,0,0,0
2291,107.9,0,0,0,0,0,0
2292,107.9,0,0,0,0,0,0
2293,107.9,0,0,0,0,0,0
2294,107.9,0,0,0,0,0,0
2295,107.9,0,0,0,0,0,0
2296,107.9,0,0,0,0,0,0
2297,107.9,0,0,0,0,0,0
2298,107.9,0,0,0,0,0,0
2299,107.9,0,0,0,0,0,0
2300,107.9,0,0,0,0,0,0
2301,107.9,0,0,0,0,0,0
2302,107.9,0,0,0,0,0,0
2303,107.9,0,0,0,0,0,0
2304,107.9,0,0,0,0,0,0
2305,107.9,0,0,0,0,0,0
2306,107.9,0,0,0,0,0,0
2307,107.9,0,0,0,0,0,0
2308,107.9,0,0,0,0,0,0
2309,107.9,0,0,0,0,0,0
2310,107.9,0,0,0,0,0,0
2311,107.9,0,0,0,0,0,0
2312,107.9,0,0,0,0,0,0
2313,107.9,0,0,0,0,0,0
2314,107.9,0,0,0,0,0,0
2315,107.9,0,0,0,0,0,0
2316,107.9,0,0,0,0,0,0
2317,107.9,0,0,0,0,0,0
2318,107.9,0,0,0,0,0,0
2319,107.9,0,0,0,0,0,0
2320,107.9,0,0,0,0,0,0
2321,107.9,0,0,0,0,0,0
2322,107.9,0,0,0,0,0,0
2323,107.9,0,0,0,0,0,0
2324,107.9,0,0,0,0,0,0
2325,107.9,0,0,0,0,0,0
2326,107.9,0,0,0,0,0,0
2327,107.9,0,0,0,0,0,0
2328,107.9,0,0,0,0,0,0
2329,107.9,0,0,0,0,0,0
2330,107.9,0,0,0,0,0,0
2331,107.9,0,0,0,0,0,0
2332,107.9,0,0,0,0,0,0
2333,107.9,0,0,0,0,0,0
2334,107.9,0,0,0,0,0,0
2335,107.9,0,0,0,0,0,0
2336,107.9,0,0,0,0,0,0
2337,107.9,0,0,0,0,0,0
2338,107.9,0,0,0,0,0,0
2339,107.9,0,0,0,0,0,0
2340,107.9,0,0,0,0,0,0
2341,107.9,0,0,0,0,0,0
2342,107.9,0,0,0,0,0,0
2343,107.9,0,0,0,0,0,0
2344,107.9,0,0,0,0,0,0
2345,107.9,0,0,0,0,0,0
2346,107.9,0,0,0,0,0,0
2347,107.9,0,0,0,0,0,0
2348,107.9,0,0,0,0,0,0
2349,107.9,0,0,0,0,0,0
2350,107.9,0,0,0,0,0,0
2351,107.9,0,0,0,0,0,0
2352,107.9,0,0,0,0,0,0
2353,107.9,0,0,0,0,0,0
2354,107.9,0,0,0,0,0,0
2355,107.9,0,0,0,0,0,0
2356,107.9,0,0,0,0,0,0
2357,107.9,0,0,0,0,0,0
2358,107.9,0,0,0,0,0,0
2359,107.9,0,0,0,0,0,0
2360,107.9,0,0,0,0,0,0
2361,107.9,0,0,0,0,0,0
2362,107.9,0,0,0,0,0,0
2363,107.9,0,0,0,0,0,0
2364,107.9,0,0,0,0,0,0
2365,107.9,0,0,0,0,0,0
2366,107.9,0,0,0,0,0,0
2367,107.9,0,0,0,0,0,0
2368,107.9,0,0,0,0,0,0
2369,107.9,0,0,0,0,0,0
2370,107.9,0,0,0,0,0,0
2371,107.9,0,0,0,0,0,0
2372,107.9,0,0,0,0,0,0
2373,107.9,0,0,0,0,0,0
2374,107.9,0,0,0,0,0,0
2375,107.9,0,0,0,0,0,0
2376,107.9,0,0,0,0,0,0
2377,107.9,0,0,0,0,0,0
2378,107.9,0,0,0,0,0,0
2379,107.9,0,0,0,0,0,0
2380,107.9,0,0,0,0,0,0
2381,107.9,0,0,0,0,0,0
2382,107.9,0,0,0,0,0,0
2383,107.9,0,0,0,0,0,0
2384,107.9,0,0,0,0,0,0
2385,107.9,0,0,0,0,0,0
2386,107.9,0,0,0,0,0,0
2387,107.9,0,0,0,0,0,0
2388,107.9,0,0,0,0,0,0
2389,107.9,1,1,1,0,0,1
2390,107.9,1,1,1,0,0,1
2391,107.9,1,1,1,0,0,1
2392,107.9,1,1,1,0,0,1
2393,107.9,1,1,1,0,0,1
2394,107.9,1,1,1,0,0,1
2395,107.9,1,1,1,0,0,1
2396,107.9,1,1,1,0,0,1
2397,107.9,1,1,0,0,0,1
2398,107.9,1,1,0,0,0,1
2399,107.9,1,1,0,0,0,1
2400,107.9,1,1,0,0,0,1
2401,107.9,1,1,0,0,0,1
2402,107.9,1,1,0,0,0,1
2403,107.9,1,1,1,0,0,1
2404,107.9,1,1,1,0,0,1
2405,107.9,1,1,1,0,0,1
2406,107.9,1,1,0,0,0,1
2407,107.9,1,1,0,0,0,1
2408,107.9,1,1,0,0,0,1
2409,107.9,1,1,0,0,0,1
2410,107.9,1,1,0,0,0,1
2411,107.9,1,1,0,0,0,1
2412,107.9,1,1,0,0,0,1
2413,107.9,1,1,0,0,0,1
2414,107.9,1,1,0,0,0,1
2415,107.9,1,1,0,0,0,1
2416,107.9,1,1,1,0,0,1
2417,107.9,1,1,1,0,0,1
2418,107.9,1,1,1,0,0,1
2419,107.9,1,1,1,0,0,1
2420,107.9,1,1,1,0,0,1
2421,107.9,1,1,1,0,0,1
2422,107.9,1,1,1,0,0,1
2423,107.9,1,1,1,0,0,1
2424,107.9,1,1,1,0,0,1
2425,107.9,1,1,0,0,0,1
2426,107.9,1,1,0,0,0,1
2427,107.9,1,1,0,0,0,1
2428,107.9,1,1,0,0,0,1
2429,107.9,1,1,0,0,0,1
2430,107.9,1,1,0,0,0,1
2431,107.9,1,1,0,0,0,1
2432,107.9,1,1,0,0,0,1
2433,107.9,1,1,0,0,0,1
2434,107.9,1,1,0,0,0,1
2435,107.9,1,1,1,0,0,1
2436,107.9,1,1,1,0,0,1
2437,107.9,1,1,1,0,0,1
2438,107.9,1,1,1,0,0,1
2439,107.9,1,1,1,0,0,1
2440,107.9,1,1,1,0,0,1
2441,107.9,1,1,1,0,0,1
2442,107.9,1,1,1,0,0,1
2443,107.9,1,1,1,0,0,1
2444,107.9,1,1,0,0,0,1
2445,107.9,1,1,0,0,0,1
2446,107.9,1,1,0,0,0,1
2447,107.9,1,1,1,0,0,1
2448,107.9,1,1,1,0,0,1
2449,107.9,1,1,1,0,0,1
2450,107.9,1,1,1,0,0,1
2451,107.9,1,1,1,0,0,1
2452,107.9,1,1,1,0,0,1
2453,107.9,1,1,1,0,0,1
2454,107.9,1,1,0,0,0,1
2455,107.9,1,1,0,0,0,1
2456,107.9,1,1,0,0,0,1
2457,107.9,1,1,0,0,0,1
2458,107.9,1,1,0,0,0,1
2459,107.9,1,1,0,0,0,1
2460,107.9,1,1,0,0,0,1
2461,107.9,1,1,0,0,0,1
2462,107.9,1,1,0,0,0,1
2463,107.9,1,1,0,0,0,1
2464,107.9,1,1,1,0,0,1
2465,107.9,1,1,1,0,0,1
2466,107.9,1,1,1,0,0,1
2467,107.9,1,1,1,0,0,1
2468,107.9,1,1,1,0,0,1
2469,107.9,1,1,1,0,0,1
2470,107.9,1,1,1,0,0,1
2471,107.9,1,1,1,0,0,1
2472,107.9,1,1,1,0,0,1
2473,107.9,1,1,1,0,0,1
2474,107.9,1,1,0,0,0,1
2475,107.9,1,1,0,0,0,1
2476,107.9,1,1,0,0,0,1
2477,107.9,1,1,0,0,0,1
2478,107.9,1,1,0,0,0,1
2479,107.9,1,1,0,0,0,1
2480,107.9,1,1,0,0,0,1
2481,107.9,1,1,0,0,0,1
2482,107.9,1,1,0,0,0,1
2483,107.9,1,1,1,0,0,1
2484,107.9,1,1,1,0,0,1
2485,107.9,1,1,1,0,0,1
2486,107.9,1,1,1,0,0,1
2487,107.9,1,1,1,0,0,1
2488,107.9,1,1,0,0,0,1
2489,107.9,1,1,0,0,0,1
2490,107.9,1,1,0,0,0,1
2491,107.9,1,1,0,0,0,1
2492,107.9,1,1,0,0,0,1
2493,107.9,1,1,1,0,0,1
2494,107.9,1,1,1,0,0,1
2495,107.9,1,1,1,0,0,1
2496,107.9,1,1,1,0,0,1
2497,107.9,1,1,1,0,0,1
2498,107.9,1,1,1,0,0,1
2499,107.9,1,1,1,0,0,1
2500,107.9,1,1,0,0,0,1
2501,107.9,1,1,1,0,0,1
2502,107.9,1,1,1,0,0,1
2503,107.9,1,1,1,0,0,1
2504,107.9,1,1,1,0,0,1
2505,107.9,1,1,1,0,0,1
2506,107.9,1,1,1,0,0,1
2507,107.9,1,1,1,0,0,1
2508,107.9,1,1,1,0,0,1
2509,107.9,1,1,0,0,0,1
2510,107.9,1,1,0,0,0,1
2511,107.9,1,1,0,0,0,1
2512,107.9,1,1,0,0,0,1
2513,107.9,1,1,0,0,0,1
2514,107.9,1,1,1,0,0,1
2515,107.9,1,1,1,0,0,1
2516,107.9,1,1,1,0,0,1
2517,107.9,1,1,1,0,0,1
2518,107.9,1,1,1,0,0,1
2519,107.9,1,1,1,0,0,1
2520,107.9,1,1,1,0,0,1
2521,107.9,1,1,1,0,0,1
2522,107.9,1,1,1,0,0,1
2523,107.9,1,1,0,0,0,1
2524,107.9,1,1,0,0,0,1
2525,107.9,1,1,0,0,0,1
2526,107.9,1,1,0,0,0,1
2527,107.9,1,1,0,0,0,1
2528,107.9,1,1,0,0,0,1
2529,107.9,1,1,0,0,0,1
2530,107.9,1,1,0,0,0,1
2531,107.9,1,1,0,0,0,1
2532,107.9,1,1,0,0,0,1
2533,107.9,1,1,1,0,0,1
2534,107.9,1,1,1,0,0,1
2535,107.9,1,1,1,0,0,1
2536,107.9,1,1,1,0,0,1
2537,107.9,1,1,1,0,0,1
2538,107.9,1,1,1,0,0,1
2539,107.9,1,1,1,0,0,1
2540,107.9,1,1,1,0,0,1
2541,107.9,1,1,1,0,0,1
2542,107.9,1,1,0,0,0,1
2543,107.9,1,1,0,0,0,1
2544,107.9,1,1,0,0,0,1
2545,107.9,1,1,0,0,0,1
2546,107.9,1,1,0,0,0,1
2547,107.9,1,1,0,0,0,1
2548,107.9,1,1,0,0,0,1
2549,107.9,1,1,0,0,0,1
2550,107.9,1,1,0,0,0,1
2551,107.9,1,1,0,0,0,1
2552,107.9,1,1,1,0,0,1
2553,107.9,1,1,1,0,0,1
2554,107.9,1,1,1,0,0,1
2555,107.9,1,1,1,0,0,1
2556,107.9,1,1,1,0,0,1
2557,107.9,1,1,1,0,0,1
2558,107.9,1,1,1,0,0,1
2559,107.9,1,1,1,0,0,1
2560,107.9,1,1,1,0,0,1
2561,107.9,1,1,1,0,0,1
2562,107.9,1,1,0,0,0,1
2563,107.9,1,1,0,0,0,1
2564,107.9,1,1,0,0,0,1
2565,107.9,1,1,0,0,0,1
2566,107.9,1,1,1,0,0,1
2567,107.9,1,1,1,0,0,1
2568,107.9,1,1,1,0,0,1
2569,107.9,1,1,1,0,0,1
2570,107.9,1,1,1,0,0,1
2571,107.9,1,1,0,0,0,1
2572,107.9,1,1,0,0,0,1
2573,107.9,1,1,0,0,0,1
2574,107.9,1,1,0,0,0,1
2575,107.9,1,1,0,0,0,1
2576,107.9,1,1,1,0,0,1
2577,107.9,1,1,1,0,0,1
2578,107.9,1,1,1,0,0,1
2579,107.9,1,1,1,0,0,1
2580,107.9,1,1,1,0,0,1
2581,107.9,1,1,0,0,0,1
2582,107.9,1,1,0,0,0,1
2583,107.9,1,1,0,0,0,1
2584,107.9,1,1,0,0,0,1
2585,107.9,1,1,1,0,0,1
2586,107.9,1,1,1,0,0,1
2587,107.9,1,1,1,0,0,1
2588,107.9,1,1,1,0,0,1
2589,107.9,1,1,1,0,0,1
2590,107.9,1,1,0,0,0,1
2591,107.9,1,1,0,0,0,1
2592,107.9,1,1,0,0,0,1
2593,107.9,1,1,0,0,0,1
2594,107.9,1,1,0,0,0,1
2595,107.9,1,1,0,0,0,1
2596,107.9,1,1,0,0,0,1
2597,107.9,1,1,0,0,0,1
2598,107.9,1,1,0,0,0,1
2599,107.9,1,1,0,0,0,1
2600,107.9,1,1,1,0,0,1
2601,107.9,1,1,1,0,0,1
2602,107.9,1,1,1,0,0,1
2603,107.9,1,1,1,0,0,1
2604,107.9,1,1,0,0,0,1
2605,107.9,1,1,0,0,0,1
2606,107.9,1,1,0,0,0,1
2607,107.9,1,1,0,0,0,1
2608,107.9,1,1,0,0,0,1
2609,107.9,1,1,1,0,0,1
2610,107.9,1,1,1,0,0,1
2611,107.9,1,1,1,0,0,1
2612,107.9,1,1,1,0,0,1
2613,107.9,1,1,1,0,0,1
2614,107.9,1,1,0,0,0,1
2615,107.9,1,1,0,0,0,1
2616,107.9,1,1,0,0,0,1
2617,107.9,1,1,0,0,0,1
2618,107.9,1,1,0,0,0,1
2619,107.9,1,1,1,0,0,1
2620,107.9,1,1,1,0,0,1
2621,107.9,1,1,1,0,0,1
2622,107.9,1,1,1,0,0,1
2623,107.9,1,1,0,0,0,1
2624,107.9,1,1,0,0,0,1
2625,107.9,1,1,0,0,0,1
2626,107.9,1,1,0,0,0,1
2627,107.9,1,1,1,0,0,1
2628,107.9,1,1,0,0,0,1
2629,107.9,1,1,0,0,0,1
2630,107.9,1,1,0,0,0,1
2631,107.9,1,1,0,0,0,1
2632,107.9,1,1,1,0,0,1
2633,107.9,1,1,0,0,0,1
2634,107.9,1,1,0,0,0,1
2635,107.9,1,1,0,0,0,1
2636,107.9,1,1,1,0,0,1
2637,107.9,1,1,1,0,0,1
2638,107.9,1,1,1,0,0,1
2639,107.9,1,1,1,0,0,1
2640,107.9,1,1,1,0,0,1
2641,107.9,1,1,1,0,0,1
2642,107.9,1,1,0,0,0,1
2643,107.9,1,1,0,0,0,1
2644,107.9,1,1,0,0,0,1
2645,107.9,1,1,0,0,0,1
2646,107.9,1,1,0,0,0,1
2647,107.9,1,1,1,0,0,1
2648,107.9,1,1,1,0,0,1
2649,107.9,1,1,1,0,0,1
2650,107.9,1,1,1,0,0,1
2651,107.9,1,1,1,0,0,1
2652,107.9,1,1,0,0,0,1
2653,107.9,1,1,0,0,0,1
2654,107.9,1,1,0,0,0,1
2655,107.9,1,1,0,0,0,1
2656,107.9,1,1,0,0,0,1
2657,107.9,1,1,1,0,0,1
2658,107.9,1,1,0,0,0,1
2659,107.9,1,1,0,0,0,1
2660,107.9,1,1,1,0,0,1
2661,107.9,1,1,1,0,0,1
2662,107.9,1,1,1,0,0,1
2663,107.9,1,1,1,0,0,1
2664,107.9,1,1,0,0,0,1
2665,107.9,1,1,0,0,0,1
2666,107.9,1,1,0,0,0,1
2667,107.9,1,1,0,0,0,1
2668,107.9,1,1,1,0,0,1
2669,107.9,1,1,1,0,0,1
2670,107.9,1,1,1,0,0,1
2671,107.9,1,1,1,0,0,1
2672,107.9,1,1,1,0,0,1
2673,107.9,1,1,1,0,0,1
2674,107.9,1,1,0,0,0,1
2675,107.9,1,1,0,0,0,1
2676,107.9,1,1,0,0,0,1
2677,107.9,1,1,0,0,0,1
2678,107.9,1,1,0,0,0,1
2679,107.9,1,1,1,0,0,1
2680,107.9,1,1,1,0,0,1
2681,107.9,1,1,1,0,0,1
2682,107.9,1,1,1,0,0,1
2683,107.9,1,1,0,0,0,1
2684,107.9,1,1,0,0,0,1
2685,107.9,1,1,0,0,0,1
2686,107.9,1,1,0,0,0,1
2687,107.9,1,1,0,0,0,1
2688,107.9,1,1,1,0,0,1
2689,107.9,1,1,1,0,0,1
2690,107.9,1,1,1,0,0,1
2691,107.9,1,1,1,0,0,1
2692,107.9,1,1,1,0,0,1
2693,107.9,1,1,0,0,0,1
2694,107.9,1,1,0,0,0,1
2695,107.9,1,1,0,0,0,1
2696,107.9,1,1,0,0,0,1
2697,107.9,1,1,0,0,0,1
2698,107.9,1,1,1,0,0,1
2699,107.9,1,1,1,0,0,1
2700,107.9,1,1,1,0,0,1
2701,107.9,1,1,1,0,0,1
2702,107.9,1,1,1,0,0,1
2703,107.9,1,1,0,0,0,1
2704,107.9,1,1,0,0,0,1
2705,107.9,1,1,0,0,0,1
2706,107.9,1,1,0,0,0,1
2707,107.9,1,1,0,0,0,1
2708,107.9,1,1,0,0,0,1
2709,107.9,1,1,0,0,0,1
2710,107.9,1,1,0,0,0,1
2711,107.9,1,1,0,0,0,1
2712,107.9,1,1,1,0,0,1
2713,107.9,1,1,1,0,0,1
2714,107.9,1,1,1,0,0,1
2715,107.9,1,1,1,0,0,1
2716,107.9,1,1,1,0,0,1
2717,107.9,1,1,0,0,0,1
2718,107.9,1,1,0,0,0,1
2719,107.9,1,1,0,0,0,1
2720,107.9,1,1,0,0,0,1
2721,107.9,1,1,0,0,0,1
2722,107.9,1,1,1,0,0,1
2723,107.9,1,1,1,0,0,1
2724,107.9,1,1,1,0,0,1
2725,107.9,1,1,1,0,0,1
2726,107.9,1,1,0,0,0,1
2727,107.9,1,1,0,0,0,1
2728,107.9,1,1,0,0,0,1
2729,107.9,1,1,0,0,0,1
2730,107.9,1,1,0,0,0,1
2731,107.9,1,1,1,0,0,1
2732,107.9,1,1,1,0,0,1
2733,107.9,1,1,1,0,0,1
2734,107.9,1,1,1,0,0,1
2735,107.9,1,1,1,0,0,1
2736,107.9,1,1,0,0,0,1
2737,107.9,1,1,0,0,0,1
2738,107.9,1,1,0,0,0,1
2739,107.9,1,1,0,0,0,1
2740,107.9,1,1,0,0,0,1
2741,107.9,1,1,1,0,0,1
2742,107.9,1,1,1,0,0,1
2743,107.9,1,1,1,0,0,1
2744,107.9,1,1,1,0,0,1
2745,107.9,1,1,0,0,0,1
2746,107.9,1,1,0,0,0,1
2747,107.9,1,1,0,0,0,1
2748,107.9,1,1,0,0,0,1
2749,107.9,1,1,0,0,0,1
2750,107.9,1,1,1,0,0,1
2751,107.9,1,1,1,0,0,1
2752,107.9,1,1,1,0,0,1
2753,107.9,1,1,1,0,0,1
2754,107.9,1,1,1,0,0,1
2755,107.9,1,1,0,0,0,1
2756,107.9,1,1,0,0,0,1
2757,107.9,1,1,0,0,0,1
2758,107.9,1,1,0,0,0,1
2759,107.9,1,1,0,0,0,1
2760,107.9,1,1,1,0,0,1
2761,107.9,1,1,1,0,0,1
2762,107.9,1,1,1,0,0,1
2763,107.9,1,1,1,0,0,1
2764,107.9,1,1,1,0,0,1
2765,107.9,1,1,1,0,0,1
2766,107.9,1,1,1,0,0,1
2767,107.9,1,1,1,0,0,1
2768,107.9,1,1,1,0,0,1
2769,107.9,1,1,0,0,0,1
2770,107.9,1,1,0,0,0,1
2771,107.9,1,1,0,0,0,1
2772,107.9,1,1,0,0,0,1
2773,107.9,1,1,0,0,0,1
2774,107.9,1,1,0,0,0,1
2775,107.9,1,1,0,0,0,1
2776,107.9,1,1,1,0,0,1
2777,107.9,1,1,1,0,0,1
2778,107.9,1,1,1,0,0,1
2779,107.9,1,1,0,0,0,1
2780,107.9,1,1,0,0,0,1
2781,107.9,1,1,0,0,0,1
2782,107.9,1,1,0,0,0,1
2783,107.9,1,1,0,0,0,1
2784,107.9,1,1,0,0,0,1
2785,107.9,1,1,0,0,0,1
2786,107.9,1,1,0,0,0,1
2787,107.9,1,1,0,0,0,1
2788,107.9,1,1,1,0,0,1
2789,107.9,1,1,1,0,0,1
2790,107.9,1,1,1,0,0,1
2791,107.9,1,1,1,0,0,1
2792,107.9,1,1,1,0,0,1
2793,107.9,1,1,1,0,0,1
2794,107.9,1,1,1,0,0,1
2795,107.9,1,1,1,0,0,1
2796,107.9,1,1,1,0,0,1
2797,107.9,1,1,1,0,0,1
2798,107.9,1,1,0,0,0,1
2799,107.9,1,1,0,0,0,1
2800,107.9,1,1,0,0,0,1
2801,107.9,1,1,0,0,0,1
2802,107.9,1,1,0,0,0,1
2803,107.9,1,1,0,0,0,1
2804,107.9,1,1,0,0,0,1
2805,107.9,1,1,0,0,0,1
2806,107.9,1,1,0,0,0,1
2807,107.9,1,1,1,0,0,1
2808,107.9,1,1,1,0,0,1
2809,107.9,1,1,1,0,0,1
2810,107.9,1,1,1,0,0,1
2811,107.9,1,1,1,0,0,1
2812,107.9,1,1,1,0,0,1
2813,107.9,1,1,1,0,0,1
2814,107.9,1,1,1,0,0,1
2815,107.9,1,1,1,0,0,1
2816,107.9,1,1,1,0,0,1
2817,107.9,1,1,0,0,0,1
2818,107.9,1,1,0,0,0,1
2819,107.9,1,1,0,0,0,1
2820,107.9,1,1,0,0,0,1
2821,107.9,1,1,1,0,0,1
2822,107.9,1,1,1,0,0,1
2823,107.9,1,1,1,0,0,1
2824,107.9,1,1,1,0,0,1
2825,107.9,1,1,1,0,0,1
2826,107.9,1,1,0,0,0,1
2827,107.9,1,1,1,0,0,1
2828,107.9,1,1,0,0,0,1
2829,107.9,1,1,0,0,0,1
2830,107.9,1,1,0,0,0,1
2831,107.9,1,1,0,0,0,1
2832,107.9,1,1,0,0,0,1
2833,107.9,1,1,1,0,0,1
2834,107.9,1,1,1,0,0,1
2835,107.9,1,1,1,0,0,1
2836,107.9,1,1,1,0,0,1
2837,107.9,1,1,1,0,0,1
2838,107.9,1,1,0,0,0,1
2839,107.9,1,1,0,0,0,1
2840,107.9,1,1,0,0,0,1
2841,107.9,1,1,0,0,0,1
2842,107.9,1,1,0,0,0,1
2843,107.9,1,1,1,0,0,1
2844,107.9,1,1,1,0,0,1
2845,107.9,1,1,1,0,0,1
2846,107.9,1,1,1,0,0,1
2847,107.9,1,1,0,0,0,1
2848,107.9,1,1,0,0,0,1
2849,107.9,1,1,0,0,0,1
2850,107.9,1,1,0,0,0,1
2851,107.9,1,1,0,0,0,1
2852,107.9,1,1,1,0,0,1
2853,107.9,1,1,1,0,0,1
2854,107.9,1,1,1,0,0,1
2855,107.9,1,1,1,0,0,1
2856,107.9,1,1,1,0,0,1
2857,107.9,1,1,0,0,0,1
2858,107.9,1,1,0,0,0,1
2859,107.9,1,1,0,0,0,1
2860,107.9,1,1,0,0,0,1
2861,107.9,1,1,0,0,0,1
2862,107.9,1,1,1,0,0,1
2863,107.9,1,1,1,0,0,1
2864,107.9,1,1,1,0,0,1
2865,107.9,1,1,1,0,0,1
2866,107.9,1,1,0,0,0,1
2867,107.9,1,1,0,0,0,1
2868,107.9,1,1,0,0,0,1
2869,107.9,1,1,0,0,0,1
2870,107.9,1,1,0,0,0,1
2871,107.9,1,1,0,0,0,1
2872,107.9,1,1,0,0,0,1
2873,107.9,1,1,0,0,0,1
2874,107.9,1,1,0,0,0,1
2875,107.9,1,1,0,0,0,1
2876,107.9,1,1,1,0,0,1
2877,107.9,1,1,1,0,0,1
2878,107.9,1,1,1,0,0,1
2879,107.9,1,1,1,0,0,1
2880,107.9,1,1,1,0,0,1
2881,107.9,1,1,0,0,0,1
2882,107.9,1,1,0,0,0,1
2883,107.9,1,1,0,0,0,1
2884,107.9,1,1,0,0,0,1
2885,107.9,1,1,1,0,0,1
2886,107.9,1,1,1,0,0,1
2887,107.9,1,1,1,0,0,1
2888,107.9,1,1,1,0,0,1
2889,107.9,1,1,1,0,0,1
2890,107.9,1,1,0,0,0,1
2891,107.9,1,1,0,0,0,1
2892,107.9,1,1,0,0,0,1
2893,107.9,1,1,0,0,0,1
2894,107.9,1,1,0,0,0,1
2895,107.9,1,1,1,0,0,1
2896,107.9,1,1,1,0,0,1
2897,107.9,1,1,1,0,0,1
2898,107.9,1,1,1,0,0,1
2899,107.9,1,1,1,0,0,1
2900,107.9,1,1,0,0,0,1
2901,107.9,1,1,0,0,0,1
2902,107.9,1,1,0,0,0,1
2903,107.9,1,1,0,0,0,1
2904,107.9,1,1,1,0,0,1
2905,107.9,1,1,1,0,0,1
2906,107.9,1,1,1,0,0,1
2907,107.9,1,1,1,0,0,1
2908,107.9,1,1,1,0,0,1
2909,107.9,1,1,1,0,0,1
2910,107.9,1,1,1,0,0,1
2911,107.9,1,1,1,0,0,1
2912,107.9,1,1,1,0,0,1
2913,107.9,1,1,1,0,0,1
2914,107.9,1,1,0,0,0,1
2915,107.9,1,1,0,0,0,1
2916,107.9,1,1,0,0,0,1
2917,107.9,1,1,0,0,0,1
2918,107.9,1,1,0,0,0,1
2919,107.9,1,1,0,0,0,1
2920,107.9,1,1,0,0,0,1
2921,107.9,1,1,0,0,0,1
2922,107.9,1,1,0,0,0,1
2923,107.9,1,1,1,0,0,1
2924,107.9,1,1,1,0,0,1
2925,107.9,1,1,1,0,0,1
2926,107.9,1,1,1,0,0,1
2927,107.9,1,1,1,0,0,1
2928,107.9,1,1,1,0,0,1
2929,107.9,1,1,1,0,0,1
2930,107.9,1,1,1,0,0,1
2931,107.9,1,1,1,0,0,1
2932,107.9,1,1,1,0,0,1
2933,107.9,1,1,0,0,0,1
2934,107.9,1,1,0,0,0,1
2935,107.9,1,1,0,0,0,1
2936,107.9,1,1,0,0,0,1
2937,107.9,1,1,0,0,0,1
2938,107.9,1,1,1,0,0,1
2939,107.9,1,1,1,0,0,1
2940,107.9,1,1,1,0,0,1
2941,107.9,1,1,1,0,0,1
2942,107.9,1,1,0,0,0,1
2943,107.9,1,1,0,0,0,1
2944,107.9,1,1,0,0,0,1
2945,107.9,1,1,0,0,0,1
2946,107.9,1,1,0,0,0,1
2947,107.9,1,1,1,0,0,1
2948,107.9,1,1,1,0,0,1
2949,107.9,1,1,1,0,0,1
2950,107.9,1,1,1,0,0,1
2951,107.9,1,1,1,0,0,1
2952,107.9,1,1,0,0,0,1
2953,107.9,1,1,0,0,0,1
2954,107.9,1,1,0,0,0,1
2955,107.9,1,1,0,0,0,1
2956,107.9,1,1,0,0,0,1
2957,107.9,1,1,1,0,0,1
2958,107.9,1,1,1,0,0,1
2959,107.9,1,1,1,0,0,1
2960,107.9,1,1,1,0,0,1
2961,107.9,1,1,1,0,0,1
2962,107.9,1,1,1,0,0,1
2963,107.9,1,1,1,0,0,1
2964,107.9,1,1,1,0,0,1
2965,107.9,1,1,1,0,0,1
2966,107.9,1,1,0,0,0,1
2967,107.9,1,1,0,0,0,1
2968,107.9,1,1,0,0,0,1
2969,107.9,1,1,0,0,0,1
2970,107.9,1,1,0,0,0,1
2971,107.9,1,1,0,0,0,1
2972,107.9,1,1,0,0,0,1
2973,107.9,1,1,0,0,0,1
2974,107.9,1,1,0,0,0,1
2975,107.9,1,1,0,0,0,1
2976,107.9,1,1,1,0,0,1
2977,107.9,1,1,1,0,0,1
2978,107.9,1,1,1,0,0,1
2979,107.9,1,1,1,0,0,1
2980,107.9,1,1,1,0,0,1
2981,107.9,1,1,0,0,0,1
2982,107.9,1,1,0,0,0,1
2983,107.9,1,1,0,0,0,1
2984,107.9,1,1,0,0,0,1
2985,107.9,1,1,1,0,0,1
2986,107.9,1,1,1,0,0,1
2987,107.9,1,1,1,0,0,1
2988,107.9,1,1,1,0,0,1
2989,107.9,1,1,1,0,0,1
2990,107.9,1,1,0,0,0,1
2991,107.9,1,1,0,0,0,1
2992,107.9,1,1,0,0,0,1
2993,107.9,1,1,0,0,0,1
2994,107.9,1,1,0,0,0,1
2995,107.9,1,1,0,0,0,1
2996,107.9,1,1,0,0,0,1
2997,107.9,1,1,0,0,0,1
2998,107.9,1,1,0,0,0,1
2999,107.9,1,1,1,0,0,1
3000,107.9,1,1,0,0,0,1
3001,107.9,1,1,0,0,0,1
3002,107.9,1,1,0,0,0,1
3003,107.9,1,1,0,0,0,1
3004,107.9,1,1,1,0,0,1
3005,107.9,1,1,1,0,0,1
3006,107.9,1,1,1,0,0,1
3007,107.9,1,1,1,0,0,1
3008,107.9,1,1,1,0,0,1
3009,107.9,1,1,0,0,0,1
3010,107.9,1,1,0,0,0,1
3011,107.9,1,1,0,0,0,1
3012,107.9,1,1,0,0,0,1
3013,107.9,1,1,0,0,0,1
3014,107.9,1,1,1,0,0,1
3015,107.9,1,1,1,0,0,1
3016,107.9,1,1,1,0,0,1
3017,107.9,1,1,1,0,0,1
3018,107.9,1,1,1,0,0,1
3019,107.9,1,1,0,0,0,1
3020,107.9,1,1,0,0,0,1
3021,107.9,1,1,0,0,0,1
3022,107.9,1,1,0,0,0,1
3023,107.9,1,1,1,0,0,1
3024,107.9,1,1,1,0,0,1
3025,107.9,1,1,1,0,0,1
3026,107.9,1,1,1,0,0,1
3027,107.9,1,1,1,0,0,1
3028,107.9,1,1,0,0,0,1
3029,107.9,1,1,0,0,0,1
3030,107.9,1,1,0,0,0,1
3031,107.9,1,1,0,0,0,1
3032,107.9,1,1,0,0,0,1
3033,107.9,1,1,1,0,0,1
3034,107.9,1,1,1,0,0,1
3035,107.9,1,1,1,0,0,1
3036,107.9,1,1,1,0,0,1
3037,107.9,1,1,1,0,0,1
3038,107.9,1,1,1,0,0,1
3039,107.9,1,1,1,0,0,1
3040,107.9,1,1,1,0,0,1
3041,107.9,1,1,1,0,0,1
3042,107.9,1,1,0,0,0,1
3043,107.9,1,1,0,0,0,1
3044,107.9,1,1,0,0,0,1
3045,107.9,1,1,0,0,0,1
3046,107.9,1,1,0,0,0,1
3047,107.9,1,1,1,0,0,1
3048,107.9,1,1,1,0,0,1
3049,107.9,1,1,1,0,0,1
3050,107.9,1,1,1,0,0,1
3051,107.9,1,1,1,0,0,1
3052,107.9,1,1,0,0,0,1
3053,107.9,1,1,0,0,0,1
3054,107.9,1,1,0,0,0,1
3055,107.9,1,1,0,0,0,1
3056,107.9,1,1,0,0,0,1
3057,107.9,1,1,1,0,0,1
3058,107.9,1,1,1,0,0,1
3059,107.9,1,1,1,0,0,1
3060,107.9,1,1,1,0,0,1
3061,107.9,1,1,1,0,0,1
3062,107.9,1,1,1,0,0,1
3063,107.9,1,1,1,0,0,1
3064,107.9,1,1,1,0,0,1
3065,107.9,1,1,1,0,0,1
3066,107.9,1,1,0,0,0,1
3067,107.9,1,1,1,0,0,1
3068,107.9,1,1,1,0,0,1
3069,107.9,1,1,1,0,0,1
3070,107.9,1,1,1,0,0,1
3071,107.9,1,1,1,0,0,1
3072,107.9,1,1,1,0,0,1
3073,107.9,1,1,1,0,0,1
3074,107.9,1,1,1,0,0,1
3075,107.9,1,1,1,0,0,1
3076,107.9,1,1,0,0,0,1
3077,107.9,1,1,0,0,0,1
3078,107.9,1,1,0,0,0,1
3079,107.9,1,1,0,0,0,1
3080,107.9,1,1,1,0,0,1
3081,107.9,1,1,1,0,0,1
3082,107.9,1,1,1,0,0,1
3083,107.9,1,1,1,0,0,1
3084,107.9,1,1,1,0,0,1
3085,107.9,1,1,0,0,0,1
3086,107.9,1,1,0,0,0,1
3087,107.9,1,1,0,0,0,1
3088,107.9,1,1,0,0,0,1
3089,107.9,1,1,0,0,0,1
3090,107.9,1,1,1,0,0,1
3091,107.9,1,1,1,0,0,1
3092,107.9,1,1,1,0,0,1
3093,107.9,1,1,1,0,0,1
3094,107.9,1,1,1,0,0,1
3095,107.9,1,1,1,0,0,1
3096,107.9,1,1,1,0,0,1
3097,107.9,1,1,1,0,0,1
3098,107.9,1,1,1,0,0,1
3099,107.9,1,1,1,0,0,1
3100,107.9,1,1,1,0,0,1
3101,107.9,1,1,1,0,0,1
3102,107.9,1,1,1,0,0,1
3103,107.9,1,1,1,0,0,1
3104,107.9,1,1,1,0,0,1
3105,107.9,1,1,1,0,0,1
3106,107.9,1,1,1,0,0,1
3107,107.9,1,1,1,0,0,1
3108,107.9,1,1,1,0,0,1
3109,107.9,1,1,0,0,0,1
3110,107.9,1,1,0,0,0,1
3111,107.9,1,1,0,0,0,1
3112,107.9,1,1,0,0,0,1
3113,107.9,1,1,0,0,0,1
3114,107.9,1,1,1,0,0,1
3115,107.9,1,1,1,0,0,1
3116,107.9,1,1,1,0,0,1
3117,107.9,1,1,1,0,0,1
3118,107.9,1,1,0,0,0,1
3119,107.9,1,1,0,0,0,1
3120,107.9,1,1,0,0,0,1
3121,107.9,1,1,0,0,0,1
3122,107.9,1,1,0,0,0,1
3123,107.9,1,1,1,0,0,1
3124,107.9,1,1,1,0,0,1
3125,107.9,1,1,1,0,0,1
3126,107.9,1,1,1,0,0,1
3127,107.9,1,1,1,0,0,1
3128,107.9,1,1,1,0,0,1
3129,107.9,1,1,1,0,0,1
3130,107.9,1,1,1,0,0,1
3131,107.9,1,1,1,0,0,1
3132,107.9,1,1,1,0,0,1
3133,107.9,1,1,0,0,0,1
3134,107.9,1,1,0,0,0,1
3135,107.9,1,1,0,0,0,1
3136,107.9,1,1,0,0,0,1
3137,107.9,1,1,0,0,0,1
3138,107.9,1,1,1,0,0,1
3139,107.9,1,1,1,0,0,1
3140,107.9,1,1,1,0,0,1
3141,107.9,1,1,1,0,0,1
3142,107.9,1,1,0,0,0,1
3143,107.9,1,1,0,0,0,1
3144,107.9,1,1,0,0,0,1
3145,107.9,1,1,0,0,0,1
3146,107.9,1,1,0,0,0,1
3147,107.9,1,1,1,0,0,1
3148,107.9,1,1,1,0,0,1
3149,107.9,1,1,1,0,0,1
3150,107.9,1,1,1,0,0,1
3151,107.9,1,1,1,0,0,1
3152,107.9,1,1,0,0,0,1
3153,107.9,1,1,0,0,0,1
3154,107.9,1,1,0,0,0,1
3155,107.9,1,1,0,0,0,1
3156,107.9,1,1,0,0,0,1
3157,107.9,1,1,1,0,0,1
3158,107.9,1,1,1,0,0,1
3159,107.9,1,1,1,0,0,1
3160,107.9,1,1,1,0,0,1
3161,107.9,1,1,0,0,0,1
3162,107.9,1,1,0,0,0,1
3163,107.9,1,1,0,0,0,1
3164,107.9,1,1,0,0,0,1
3165,107.9,1,1,0,0,0,1
3166,107.9,1,1,0,0,0,1
3167,107.9,1,1,0,0,0,1
3168,107.9,1,1,1,0,0,1
3169,107.9,1,1,1,0,0,1
3170,107.9,1,1,0,0,0,1
3171,107.9,1,1,0,0,0,1
3172,107.9,1,1,0,0,0,1
3173,107.9,1,1,1,0,0,1
3174,107.9,1,1,1,0,0,1
3175,107.9,1,1,1,0,0,1
3176,107.9,1,1,1,0,0,1
3177,107.9,1,1,1,0,0,1
3178,107.9,1,1,1,0,0,1
3179,107.9,1,1,1,0,0,1
3180,107.9,1,1,1,0,0,1
3181,107.9,1,1,1,0,0,1
3182,107.9,1,1,0,0,0,1
3183,107.9,1,1,0,0,0,1
3184,107.9,1,1,0,0,0,1
3185,107.9,1,1,0,0,0,1
3186,107.9,1,1,0,0,0,1
3187,107.9,1,1,1,0,0,1
3188,107.9,1,1,1,0,0,1
3189,107.9,1,1,1,0,0,1
3190,107.9,1,1,1,0,0,1
3191,107.9,1,1,1,0,0,1
3192,107.9,1,1,0,0,0,1
3193,107.9,1,1,0,0,0,1
3194,107.9,1,1,0,0,0,1
3195,107.9,1,1,0,0,0,1
3196,107.9,1,1,1,0,0,1
3197,107.9,1,1,1,0,0,1
3198,107.9,1,1,1,0,0,1
3199,107.9,1,1,1,0,0,1
3200,107.9,1,1,1,0,0,1
3201,107.9,1,1,1,0,0,1
3202,107.9,1,1,1,0,0,1
3203,107.9,1,1,1,0,0,1
3204,107.9,1,1,1,0,0,1
3205,107.9,1,1,1,0,0,1
3206,107.9,1,1,0,0,0,1
3207,107.9,1,1,0,0,0,1
3208,107.9,1,1,0,0,0,1
3209,107.9,1,1,0,0,0,1
3210,107.9,1,1,0,0,0,1
3211,107.9,1,1,0,0,0,1
3212,107.9,1,1,0,0,0,1
3213,107.9,1,1,0,0,0,1
3214,107.9,1,1,0,0,0,1
3215,107.9,1,1,0,0,0,1
3216,107.9,1,1,1,0,0,1
3217,107.9,1,1,1,0,0,1
3218,107.9,1,1,1,0,0,1
3219,107.9,1,1,1,0,0,1
3220,107.9,1,1,1,0,0,1
3221,107.9,1,1,1,0,0,1
3222,107.9,1,1,1,0,0,1
3223,107.9,1,1,1,0,0,1
3224,107.9,1,1,1,0,0,1
3225,107.9,1,1,0,0,0,1
3226,107.9,1,1,0,0,0,1
3227,107.9,1,1,0,0,0,1
3228,107.9,1,1,0,0,0,1
3229,107.9,1,1,0,0,0,1
3230,107.9,1,1,1,0,0,1
3231,107.9,1,1,1,0,0,1
3232,107.9,1,1,1,0,0,1
3233,107.9,1,1,1,0,0,1
3234,107.9,1,1,1,0,0,1
3235,107.9,1,1,0,0,0,1
3236,107.9,1,1,0,0,0,1
3237,107.9,1,1,0,0,0,1
3238,107.9,1,1,0,0,0,1
3239,107.9,1,1,1,0,0,1
3240,107.9,1,1,1,0,0,1
3241,107.9,1,1,1,0,0,1
3242,107.9,1,1,1,0,0,1
3243,107.9,1,1,1,0,0,1
3244,107.9,1,1,0,0,0,1
3245,107.9,1,1,0,0,0,1
3246,107.9,1,1,0,0,0,1
3247,107.9,1,1,0,0,0,1
3248,107.9,1,1,0,0,0,1
3249,107.9,1,1,1,0,0,1
3250,107.9,1,1,1,0,0,1
3251,107.9,1,1,1,0,0,1
3252,107.9,1,1,1,0,0,1
3253,107.9,1,1,1,0,0,1
3254,107.9,1,1,0,0,0,1
3255,107.9,1,1,0,0,0,1
3256,107.9,1,1,0,0,0,1
3257,107.9,1,1,0,0,0,1
3258,107.9,1,1,1,0,0,1
3259,107.9,1,1,1,0,0,1
3260,107.9,1,1,1,0,0,1
3261,107.9,1,1,1,0,0,1
3262,107.9,1,1,1,0,0,1
3263,107.9,1,1,0,0,0,1
3264,107.9,1,1,0,0,0,1
3265,107.9,1,1,0,0,0,1
3266,107.9,1,1,0,0,0,1
3267,107.9,1,1,0,0,0,1
3268,107.9,1,1,1,0,0,1
3269,107.9,1,1,1,0,0,1
3270,107.9,1,1,1,0,0,1
3271,107.9,1,1,1,0,0,1
3272,107.9,1,1,1,0,0,1
3273,107.9,1,1,0,0,0,1
3274,107.9,1,1,0,0,0,1
3275,107.9,1,1,0,0,0,1
3276,107.9,1,1,0,0,0,1
3277,107.9,1,1,0,0,0,1
3278,107.9,1,1,0,0,0,1
3279,107.9,1,1,0,0,0,1
3280,107.9,1,1,0,0,0,1
3281,107.9,1,1,0,0,0,1
3282,107.9,1,1,1,0,0,1
3283,107.9,1,1,1,0,0,1
3284,107.9,1,1,1,0,0,1
3285,107.9,1,1,1,0,0,1
3286,107.9,1,1,1,0,0,1
3287,107.9,1,1,0,0,0,1
3288,107.9,1,1,0,0,0,1
3289,107.9,1,1,0,0,0,1
3290,107.9,1,1,0,0,0,1
3291,107.9,1,1,0,0,0,1
3292,107.9,1,1,1,0,0,1
3293,107.9,1,1,1,0,0,1
3294,107.9,1,1,1,0,0,1
3295,107.9,1,1,1,0,0,1
3296,107.9,1,1,0,0,0,1
3297,107.9,1,1,0,0,0,1
3298,107.9,1,1,0,0,0,1
3299,107.9,1,1,0,0,0,1
3300,107.9,1,1,0,0,0,1
3301,107.9,1,1,1,0,0,1
3302,107.9,1,1,1,0,0,1
3303,107.9,1,1,1,0,0,1
3304,107.9,1,1,1,0,0,1
3305,107.9,1,1,1,0,0,1
3306,107.9,1,1,0,0,0,1
3307,107.9,1,1,0,0,0,1
3308,107.9,1,1,0,0,0,1
3309,107.9,1,1,0,0,0,1
3310,107.9,1,1,0,0,0,1
3311,107.9,1,1,1,0,0,1
3312,107.9,1,1,1,0,0,1
3313,107.9,1,1,1,0,0,1
3314,107.9,1,1,1,0,0,1
3315,107.9,1,1,1,0,0,1
3316,107.9,1,1,1,0,0,1
3317,107.9,1,1,1,0,0,1
3318,107.9,1,1,1,0,0,1
3319,107.9,1,1,1,0,0,1
3320,107.9,1,1,0,0,0,1
3321,107.9,1,1,0,0,0,1
3322,107.9,1,1,0,0,0,1
3323,107.9,1,1,0,0,0,1
3324,107.9,1,1,0,0,0,1
3325,107.9,1,1,1,0,0,1
3326,107.9,1,1,1,0,0,1
3327,107.9,1,1,1,0,0,1
3328,107.9,1,1,1,0,0,1
3329,107.9,1,1,1,0,0,1
3330,107.9,1,1,0,0,0,1
3331,107.9,1,1,0,0,0,1
3332,107.9,1,1,0,0,0,1
3333,107.9,1,1,0,0,0,1
3334,107.9,1,1,1,0,0,1
3335,107.9,1,1,1,0,0,1
3336,107.9,1,1,1,0,0,1
3337,107.9,1,1,1,0,0,1
3338,107.9,1,1,1,0,0,1
3339,107.9,1,1,1,0,0,1
3340,107.9,1,1,1,0,0,1
3341,107.9,1,1,1,0,0,1
3342,107.9,1,1,1,0,0,1
3343,107.9,1,1,1,0,0,1
3344,107.9,1,1,0,0,0,1
3345,107.9,1,1,0,0,0,1
3346,107.9,1,1,0,0,0,1
3347,107.9,1,1,0,0,0,1
3348,107.9,1,1,0,0,0,1
3349,107.9,1,1,1,0,0,1
3350,107.9,1,1,1,0,0,1
3351,107.9,1,1,1,0,0,1
3352,107.9,1,1,1,0,0,1
3353,107.9,1,1,0,0,0,1
3354,107.9,1,1,0,0,0,1
3355,107.9,1,1,0,0,0,1
3356,107.9,1,1,0,0,0,1
3357,107.9,1,1,0,0,0,1
3358,107.9,1,1,1,0,0,1
3359,107.9,1,1,1,0,0,1
3360,107.9,1,1,1,0,0,1
3361,107.9,1,1,1,0,0,1
3362,107.9,1,1,1,0,0,1
3363,107.9,1,1,1,0,0,1
3364,107.9,1,1,1,0,0,1
3365,107.9,1,1,1,0,0,1
3366,107.9,1,1,1,0,0,1
3367,107.9,1,1,1,0,0,1
3368,107.9,1,1,0,0,0,1
3369,107.9,1,1,0,0,0,1
3370,107.9,1,1,0,0,0,1
3371,107.9,1,1,0,0,0,1
3372,107.9,1,1,0,0,0,1
3373,107.9,1,1,0,0,0,1
3374,107.9,1,1,0,0,0,1
3375,107.9,1,1,0,0,0,1
3376,107.9,1,1,0,0,0,1
3377,107.9,1,1,1,0,0,1
3378,107.9,1,1,1,0,0,1
3379,107.9,1,1,1,0,0,1
3380,107.9,1,1,1,0,0,1
3381,107.9,1,1,1,0,0,1
3382,107.9,1,1,0,0,0,1
3383,107.9,1,1,0,0,0,1
3384,107.9,1,1,0,0,0,1
3385,107.9,1,1,0,0,0,1
3386,107.9,1,1,0,0,0,1
3387,107.9,1,1,1,0,0,1
3388,107.9,1,1,1,0,0,1
3389,107.9,1,1,1,0,0,1
3390,107.9,1,1,1,0,0,1
3391,107.9,1,1,1,0,0,1
3392,107.9,1,1,0,0,0,1
3393,107.9,1,1,0,0,0,1
3394,107.9,1,1,0,0,0,1
3395,107.9,1,1,0,0,0,1
3396,107.9,1,1,1,0,0,1
3397,107.9,1,1,1,0,0,1
3398,107.9,1,1,1,0,0,1
3399,107.9,1,1,1,0,0,1
3400,107.9,1,1,1,0,0,1
3401,107.9,1,1,0,0,0,1
3402,107.9,1,1,0,0,0,1
3403,107.9,1,1,0,0,0,1
3404,107.9,1,1,0,0,0,1
3405,107.9,1,1,0,0,0,1
3406,107.9,1,1,1,0,0,1
3407,107.9,1,1,1,0,0,1
3408,107.9,1,1,1,0,0,1
3409,107.9,1,1,1,0,0,1
3410,107.9,1,1,1,0,0,1
3411,107.9,1,1,1,0,0,1
3412,107.9,1,1,1,0,0,1
3413,107.9,1,1,1,0,0,1
3414,107.9,1,1,1,0,0,1
3415,107.9,1,1,0,0,0,1
3416,107.9,1,1,0,0,0,1
3417,107.9,1,1,0,0,0,1
3418,107.9,1,1,0,0,0,1
3419,107.9,1,1,0,0,0,1
3420,107.9,1,1,1,0,0,1
3421,107.9,1,1,1,0,0,1
3422,107.9,1,1,1,0,0,1
3423,107.9,1,1,1,0,0,1
3424,107.9,1,1,1,0,0,1
3425,107.9,1,1,1,0,0,1
3426,107.9,1,1,1,0,0,1
3427,107.9,1,1,1,0,0,1
3428,107.9,1,1,1,0,0,1
3429,107.9,1,1,1,0,0,1
3430,107.9,1,1,1,0,0,1
3431,107.9,1,1,1,0,0,1
3432,107.9,1,1,1,0,0,1
3433,107.9,1,1,1,0,0,1
3434,107.9,1,1,0,0,0,1
3435,107.9,1,1,0,0,0,1
3436,107.9,1,1,0,0,0,1
3437,107.9,1,1,0,0,0,1
3438,107.9,1,1,0,0,0,1
3439,107.9,1,1,1,0,0,1
3440,107.9,1,1,1,0,0,1
3441,107.9,1,1,1,0,0,1
3442,107.9,1,1,1,0,0,1
3443,107.9,1,1,1,0,0,1
3444,107.9,1,1,1,0,0,1
3445,107.9,1,1,1,0,0,1
3446,107.9,1,1,1,0,0,1
3447,107.9,1,1,1,0,0,1
3448,107.9,1,1,1,0,0,1
3449,107.9,1,1,0,0,0,1
3450,107.9,1,1,0,0,0,1
3451,107.9,1,1,0,0,0,1
3452,107.9,1,1,0,0,0,1
3453,107.9,1,1,0,0,0,1
3454,107.9,1,1,0,0,0,1
3455,107.9,1,1,0,0,0,1
3456,107.9,1,1,0,0,0,1
3457,107.9,1,1,0,0,0,1
3458,107.9,1,1,1,0,0,1
3459,107.9,1,1,1,0,0,1
3460,107.9,1,1,1,0,0,1
3461,107.9,1,1,1,0,0,1
3462,107.9,1,1,1,0,0,1
3463,107.9,1,1,1,0,0,1
3464,107.9,1,1,1,0,0,1
3465,107.9,1,1,1,0,0,1
3466,107.9,1,1,1,0,0,1
3467,107.9,1,1,1,0,0,1
3468,107.9,1,1,0,0,0,1
3469,107.9,1,1,0,0,0,1
3470,107.9,1,1,0,0,0,1
3471,107.9,1,1,0,0,0,1
3472,107.9,1,1,1,0,0,1
3473,107.9,1,1,1,0,0,1
3474,107.9,1,1,1,0,0,1
3475,107.9,1,1,1,0,0,1
3476,107.9,1,1,1,0,0,1
3477,107.9,1,1,0,0,0,1
3478,107.9,1,1,0,0,0,1
3479,107.9,1,1,0,0,0,1
3480,107.9,1,1,0,0,0,1
3481,107.9,1,1,0,0,0,1
3482,107.9,1,1,1,0,0,1
3483,107.9,1,1,1,0,0,1
3484,107.9,1,1,1,0,0,1
3485,107.9,1,1,1,0,0,1
3486,107.9,1,1,1,0,0,1
3487,107.9,1,1,1,0,0,1
3488,107.9,1,1,1,0,0,1
3489,107.9,1,1,1,0,0,1
3490,107.9,1,1,1,0,0,1
3491,107.9,1,1,1,0,0,1
3492,107.9,1,1,0,0,0,1
3493,107.9,1,1,0,0,0,1
3494,107.9,1,1,0,0,0,1
3495,107.9,1,1,0,0,0,1
3496,107.9,1,1,1,0,0,1
3497,107.9,1,1,1,0,0,1
3498,107.9,1,1,1,0,0,1
3499,107.9,1,1,1,0,0,1
3500,107.9,1,1,1,0,0,1
3501,107.9,1,1,0,0,0,1
3502,107.9,1,1,0,0,0,1
3503,107.9,1,1,0,0,0,1
3504,107.9,1,1,0,0,0,1
3505,107.9,1,1,0,0,0,1
3506,107.9,1,1,1,0,0,1
3507,107.9,1,1,1,0,0,1
3508,107.9,1,1,1,0,0,1
3509,107.9,1,1,1,0,0,1
3510,107.9,1,1,1,0,0,1
3511,107.9,1,1,0,0,0,1
3512,107.9,1,1,0,0,0,1
3513,107.9,1,1,0,0,0,1
3514,107.9,1,1,0,0,0,1
3515,107.9,1,1,1,0,0,1
3516,107.9,1,1,1,0,0,1
3517,107.9,1,1,1,0,0,1
3518,107.9,1,1,1,0,0,1
3519,107.9,1,1,1,0,0,1
3520,107.9,1,1,0,0,0,1
3521,107.9,1,1,0,0,0,1
3522,107.9,1,1,0,0,0,1
3523,107.9,1,1,0,0,0,1
3524,107.9,1,1,0,0,0,1
3525,107.9,1,1,0,0,0,1
3526,107.9,1,1,0,0,0,1
3527,107.9,1,1,0,0,0,1
3528,107.9,1,1,0,0,0,1
3529,107.9,1,1,0,0,0,1
3530,107.9,1,1,1,0,0,1
3531,107.9,1,1,1,0,0,1
3532,107.9,1,1,1,0,0,1
3533,107.9,1,1,1,0,0,1
3534,107.9,1,1,1,0,0,1
3535,107.9,1,1,1,0,0,1
3536,107.9,1,1,1,0,0,1
3537,107.9,1,1,1,0,0,1
3538,107.9,1,1,1,0,0,1
3539,107.9,1,1,0,0,0,1
3540,107.9,1,1,0,0,0,1
3541,107.9,1,1,0,0,0,1
3542,107.9,1,1,0,0,0,1
3543,107.9,1,1,0,0,0,1
3544,107.9,1,1,0,0,0,1
3545,107.9,1,1,0,0,0,1
3546,107.9,1,1,0,0,0,1
3547,107.9,1,1,0,0,0,1
3548,107.9,1,1,0,0,0,1
3549,107.9,1,1,1,0,0,1
3550,107.9,1,1,1,0,0,1
3551,107.9,1,1,1,0,0,1
3552,107.9,1,1,1,0,0,1
3553,107.9,1,1,1,0,0,1
3554,107.9,1,1,1,0,0,1
3555,107.9,1,1,1,0,0,1
3556,107.9,1,1,1,0,0,1
3557,107.9,1,1,1,0,0,1
3558,107.9,1,1,0,0,0,1
3559,107.9,1,1,0,0,0,1
3560,107.9,1,1,0,0,0,1
3561,107.9,1,1,0,0,0,1
3562,107.9,1,1,0,0,0,1
3563,107.9,1,1,0,0,0,1
3564,107.9,1,1,0,0,0,1
3565,107.9,1,1,0,0,0,1
3566,107.9,1,1,0,0,0,1
3567,107.9,1,1,0,0,0,1
3568,107.9,1,1,1,0,0,1
3569,107.9,1,1,1,0,0,1
3570,107.9,1,1,1,0,0,1
3571,107.9,1,1,1,0,0,1
3572,107.9,1,1,1,0,0,1
3573,107.9,1,1,1,0,0,1
3574,107.9,1,1,1,0,0,1
3575,107.9,1,1,1,0,0,1
3576,107.9,1,1,1,0,0,1
3577,107.9,1,1,0,0,0,1
3578,107.9,1,1,0,0,0,1
3579,107.9,1,1,0,0,0,1
3580,107.9,1,1,0,0,0,1
3581,107.9,1,1,0,0,0,1
3582,107.9,1,1,0,0,0,1
3583,107.9,1,1,0,0,0,1
3584,107.9,1,1,0,0,0,1
3585,107.9,1,1,0,0,0,1
3586,107.9,1,1,0,0,0,1
3587,107.9,1,1,1,0,0,1
3588,107.9,1,1,1,0,0,1
3589,107.9,1,1,1,0,0,1
3590,107.9,1,1,1,0,0,1
3591,107.9,1,1,0,0,0,1
3592,107.9,1,1,0,0,0,1
3593,107.9,1,1,0,0,0,1
3594,107.9,1,1,1,0,0,1
3595,107.9,1,1,1,0,0,1
3596,107.9,1,1,0,0,0,1
3597,107.9,1,1,0,0,0,1
3598,107.9,1,1,0,0,0,1
3599,107.9,1,1,0,0,0,1
3600,107.9,1,1,0,0,0,1
3601,107.9,1,1,1,0,0,1
3602,107.9,1,1,1,0,0,1
3603,107.9,1,1,1,0,0,1
3604,107.9,1,1,1,0,0,1
3605,107.9,1,1,1,0,0,1
3606,107.9,1,1,0,0,0,1
3607,107.9,1,1,0,0,0,1
3608,107.9,1,1,0,0,0,1
3609,107.9,1,1,0,0,0,1
3610,107.9,1,1,1,0,0,1
3611,107.9,1,1,1,0,0,1
3612,107.9,1,1,1,0,0,1
3613,107.9,1,1,1,0,0,1
3614,107.9,1,1,1,0,0,1
3615,107.9,1,1,0,0,0,1
3616,107.9,1,1,0,0,0,1
3617,107.9,1,1,1,0,0,1
3618,107.9,1,1,1,0,0,1
3619,107.9,1,1,1,0,0,1
3620,107.9,1,1,0,0,0,1
3621,107.9,1,1,0,0,0,1
3622,107.9,1,1,0,0,0,1
3623,107.9,1,1,0,0,0,1
3624,107.9,1,1,0,0,0,1
3625,107.9,1,1,0,0,0,1
3626,107.9,1,1,0,0,0,1
3627,107.9,1,1,0,0,0,1
3628,107.9,1,1,0,0,0,1
3629,107.9,1,1,0,0,0,1
3630,107.9,1,1,1,0,0,1
3631,107.9,1,1,1,0,0,1
3632,107.9,1,1,1,0,0,1
3633,107.9,1,1,1,0,0,1
3634,107.9,1,1,0,0,0,1
3635,107.9,1,1,0,0,0,1
3636,107.9,1,1,0,0,0,1
3637,107.9,1,1,0,0,0,1
3638,107.9,1,1,0,0,0,1
3639,107.9,1,1,1,0,0,1
3640,107.9,1,1,1,0,0,1
3641,107.9,1,1,1,0,0,1
3642,107.9,1,1,1,0,0,1
3643,107.9,1,1,1,0,0,1
3644,107.9,1,1,0,0,0,1
3645,107.9,1,1,0,0,0,1
3646,107.9,1,1,0,0,0,1
3647,107.9,1,1,0,0,0,1
3648,107.9,1,1,0,0,0,1
3649,107.9,1,1,1,0,0,1
3650,107.9,1,1,1,0,0,1
3651,107.9,1,1,1,0,0,1
3652,107.9,1,1,1,0,0,1
3653,107.9,1,1,0,0,0,1
3654,107.9,1,1,0,0,0,1
3655,107.9,1,1,0,0,0,1
3656,107.9,1,1,0,0,0,1
3657,107.9,1,1,0,0,0,1
3658,107.9,1,1,1,0,0,1
3659,107.9,1,1,1,0,0,1
3660,107.9,1,1,1,0,0,1
3661,107.9,1,1,1,0,0,1
3662,107.9,1,1,1,0,0,1
3663,107.9,1,1,0,0,0,1
3664,107.9,1,1,0,0,0,1
3665,107.9,1,1,0,0,0,1
3666,107.9,1,1,0,0,0,1
3667,107.9,1,1,0,0,0,1
3668,107.9,1,1,1,0,0,1
3669,107.9,1,1,1,0,0,1
